name,cat,type,pw,series
PAスーパー海物語IN地中海2HLA,pachi,甘デジ,10055,
PAスーパー海物語IN沖縄5SBA,pachi,甘デジ,9421,
P新世紀エヴァンゲリオン15 未来への咆哮,pachi,ミドル,9509,
PAわんわんセレブレーションAGBD,pachi,甘デジ,10089,
PAスーパー海物語INジャパン2MG,pachi,甘デジ,9017,
PAスーパー海物語IN地中海SBA,pachi,甘デジ,9145,
PAドラム海物語INジャパンRBB,pachi,甘デジ,9239,
PA乗物娘N-K YT200,pachi,甘デジ,9455,
PA元祖ギンギラパラダイスHBC,pachi,甘デジ,9813,
PA大海物語4スペシャルRBA,pachi,甘デジ,9296,
PA大海物語5ARBC,pachi,甘デジ,9833,
PA豊丸ととある企業の最新作2V1,pachi,甘デジ,9918,-
PアズールレーンTHE ANIMATION~異次元トリガー199~M4,pachi,ライトミドル,10073,
Pシン・エヴァンゲリオンX,pachi,ミドル,9925,
PフィーバーからくりサーカスY,pachi,甘デジ,9901,
P新世紀エヴァンゲリオン15 未来への咆哮Y,pachi,甘デジ,9993,
PAスーパー海物語INジャパン2RA,pachi,甘デジ,9420,
PAデジハネガオガオキング3SWQA,pachi,甘デジ,9037,
PAフィーバーアクエリオン6bY,pachi,甘デジ,9210,
PAフィーバーダンまち2YG,pachi,甘デジ,10322,
PAフィーバー真花月2Y,pachi,甘デジ,9275,
PA海物語3R2,pachi,甘デジ,9079,
PA海物語3R2スペシャルMBA,pachi,甘デジ,9493,
PA真・花の慶次2N2-X1,pachi,甘デジ,9578,
PA花の慶次~蓮N-V,pachi,甘デジ,9287,
PA野生の王国5 N-K,pachi,甘デジ,9499,
Pとある魔術の禁書目録2JMZ,pachi,ミドル,9957,
Pとある魔術の禁書目録2 Light JWX,pachi,甘デジ,10192,
Pとある魔術の禁書目録Light JRB,pachi,ライトミドル,9565,
Pスーパー海物語IN沖縄2 SAHS,pachi,設定付き,8762,
Pスーパー海物語IN沖縄5YTC,pachi,ミドル,9625,
PフィーバークィーンII,pachi,甘デジ,9225,
PフィーバータイガーマスクW Y,pachi,甘デジ,9432,
Pフィーバー戦姫絶唱シンフォギアYR,pachi,甘デジ,9294,
Pフィーバー革命機ヴァルヴレイヴ3Y,pachi,甘デジ,10103,
P大海物語5HCL,pachi,ライトミドル,9916,
P天才バカボン6FD-RS,pachi,ライトミドル,9782,
P宇宙戦艦ヤマト2202bH,pachi,甘デジ,9706,
P新世紀エヴァンゲリオン シト、新生Y,pachi,甘デジ,9167,
P牙狼MUSEUM-MA,pachi,設定付き,9684,
P真黄門ちゃま9YU1Y,pachi,甘デジ,9307,
P貞子FMD,pachi,ライトミドル,10059,
eとある魔術の禁書目録 一方通行 BIG JKZ,pachi,ミドル,10279,
eフィーバー機動戦士ガンダムユニコーン2 R,pachi,ミドル,10080,
e東京リベンジャーズGFEC,pachi,ミドル,10262,
Pとある科学の超電磁砲2JMB,pachi,ミドル,10092,
Pフィーバー炎炎ノ消防隊G,pachi,ミドル,9795,
PAデジハネ北斗の拳7天破STJB,pachi,甘デジ,8821,
PAフィーバー機動戦士ガンダムユニコーンbY,pachi,甘デジ,9806,
PRe:ゼロから始める異世界生活鬼がかりverM08,pachi,ミドル,9537,
PToLOVEるダークネスL9YZ4,pachi,ライトミドル,10130,
Pとある科学の超電磁砲FSB,pachi,ミドル,9553,
Pとある科学の超電磁砲 最強御坂VerRVZ,pachi,ライトミドル,9794,
Pにゃんこ大戦争~多様性のネコ~M4,pachi,ライトミドル,10122,
Pぱちんこ劇場版魔法少女まどか☆マギカA5,pachi,甘デジ,9253,
PデジハネモンスターハンターライズGSPB,pachi,甘デジ,10274,
Pドラムだ!金ドンSB,pachi,甘デジ,10268,
Pフィーバーかぐや様は告らせたいR,pachi,ミドル,9888,
PフィーバークィーンIIV,pachi,甘デジ,9836,
Pフィーバー戦姫絶唱シンフォギア 黄金絶唱YR,pachi,甘デジ,9875,
Pフィーバー機動戦士ガンダムSEED S,pachi,ミドル,9851,
P中森明菜・歌姫伝説極KM-TF,pachi,ミドル,9954,
P北斗の拳暴凶星SFPA,pachi,ミドル,9808,
P宇宙戦艦ヤマト2202 ONLY ONE YR,pachi,甘デジ,9791,
P牙狼11~冴島大河~XX-MU,pachi,ミドル,10026,
P真・花の慶次3N-K,pachi,甘デジ,9941,
e Re:ゼロから始める異世界生活 season2M13,pachi,ミドル,9931,
eとある科学の超電磁砲 LTRSY,pachi,ライトミドル,10336,
Sゴーゴージャグラー3KA,slot,ノーマル(Aタイプ),9848,
SアイムジャグラーEX,slot,ノーマル(Aタイプ),9126,
S/クランキークレスト/CR,slot,ノーマル(Aタイプ),9920,
SジャグラーガールズSS-KH,slot,ノーマル(Aタイプ),10009,
SマイジャグラーVKD,slot,ノーマル(Aタイプ),9514,
SハイパーラッシュSLC8,slot,AT・ART,10107,
SハッピージャグラーVIIIEA,slot,ノーマル(Aタイプ),9705,
Sファンキージャグラー2KT,slot,ノーマル(Aタイプ),9446,
L/いざ番長/SB8,slot,スマスロ,10275,
L/スマスロマギアレコード/RN,slot,スマスロ,10211,
Lゴジラ対エヴァンゲリオンjA,slot,スマスロ,9990,
L スマスロ東京リベンジャーズ ZF,slot,スマスロ,10313,
LスーパーブラックジャックSLDC,slot,スマスロ,10174,
Lバイオハザード5ZE,slot,スマスロ,10217,
LパチスロゴッドイーターリザレクションSLED,slot,スマスロ,10086,
Lモンキーターン5CE,slot,スマスロ,9923,
L押忍!番長4 A3,slot,スマスロ,10023,
L新鬼武者3SA,slot,スマスロ,10349,
L機動戦士ガンダムSEED G,slot,スマスロ,10255,
S/サンダーVライトニング/TH,slot,ノーマル(Aタイプ),9155,
S/ジャジャマル/HA,slot,AT・ART,9991,
S/バーサスリヴァイズ/HS,slot,ノーマル(Aタイプ),9519,
S/ワードオブライツII/WF,slot,AT・ART,9967,
S/新ハナビR/HA,slot,ノーマル(Aタイプ),9401,
S/甲賀忍法帖/LL,slot,AT・ART,9114,
SアイムジャグラーEX(緑パネル),slot,ノーマル(Aタイプ),9126,
SウルトラミラクルジャグラーKT,slot,ノーマル(Aタイプ),10145,
S エウレカセブンHIEVO XS,slot,AT・ART,9897,
S ガメラ2 XR,slot,ノーマル(Aタイプ),9972,
Sダンまち2XZ,slot,AT・ART,10033,
SニューパルサーSP3CC,slot,ノーマル(Aタイプ),9331,
SネオアイムジャグラーEX-KK,slot,ノーマル(Aタイプ),10269,
SバイオハザードRE:2 XB,slot,AT・ART,9691,
S パチスロ甲鉄城のカバネリ ZR,slot,AT・ART,9640,
Sモンキーターン4ZDD,slot,AT・ART,9163,
S戦国恋姫FC,slot,AT・ART,9854,
S押忍!番長ZERO PC1,slot,AT・ART,9539,
S新鬼武者2ZC,slot,AT・ART,9658,
S 楽園追放 FS,slot,AT・ART,9433,
S炎炎ノ消防隊jS,slot,AT・ART,9798,
S麻雀格闘倶楽部真KS,slot,AT・ART,9281,
Sパチスロ甲鉄城のカバネリZR,slot,AT・ART,9640,
Sこの素晴らしい世界に祝福を!ZR,slot,AT・ART,9594,
Sパチスロ北斗の拳AC LA,slot,AT・ART,9300,
L/スマスロ秘宝伝/PA7,slot,スマスロ,10390,
L/バジリスク絆2~天膳~/ZN,slot,スマスロ,9944,
LBAREXBRIGHTBA,slot,スマスロ,10266,
LGI優駿倶楽部黄金KD,slot,スマスロ,9964,
L スマスロ真北斗無双 FS,slot,スマスロ,10044,
Lパチスロ真・一騎当千V,slot,スマスロ,10116,
Lパチスロ閃乱カグラ2L9,slot,スマスロ,10079,
LモンスターハンターライズXA,slot,スマスロ,10138,
Lラブ嬢3M4,slot,スマスロ,9928,
LレヴュースタァライトCX,slot,スマスロ,10169,
L七つの魔剣が支配するPU,slot,スマスロ,10177,
L絶対衝激TK,slot,スマスロ,10290,
L銭形5L2,slot,スマスロ,10339,
L 防振り FN,slot,スマスロ,10036,
S/OVERLORD絶対支配者光臨II/SX,slot,AT・ART,9792,
S/ニューゲッターマウス/CG,slot,ノーマル(Aタイプ),9636,
S/ファミスタ回胴版!!/FB,slot,AT・ART,9866,
S/マッピー/GS,slot,AT・ART,9545,
S/沖ドキ!DUO/DH,slot,ノーマル(Aタイプ),9517,
S/沖ドキ!GOLD/GS,slot,ノーマル(Aタイプ),9738,
SGIフェアリーグランプリKP,slot,AT・ART,9246,
S RK1 WCC編YB,slot,AT・ART,9226,
S けものフレンズ FS,slot,AT・ART,9615,
SスカイガールズKK,slot,AT・ART,9093,
S ツインエンジェルPARTY ZF,slot,AT・ART,9443,
S ディスクアップ2 ZF,slot,AT・ART,9529,
SニューパルサーSP4SLE8,slot,ノーマル(Aタイプ),10019,
Sパチスロひぐらしのなく頃に祭2PX,slot,AT・ART,9266,
S パチスロ七つの大罪 XS,slot,AT・ART,9241,
S パチスロ頭文字D XR,slot,AT・ART,9271,
SマジカルハロウィンFP,slot,AT・ART,9438,
S 傷物語 FS,slot,AT・ART,9864,
S機動戦士ガンダムユニコーンsF,slot,AT・ART,9799,
